"cluster","freq","Avg_Mthly_Spend","No_Of_Visits","Apparel_Items","FnV_Items","Staples_Items"
"1",1,1,10000,2,1,1,0
"2",2,2,5500,3,0,5.5,8.5
"3",3,6,4416.66666666667,4.66666666666667,0.333333333333333,5,2.66666666666667
"4",4,1,1000,4,0,1,7
