"cluster","freq","Avg_Mthly_Spend","No_Of_Visits","Apparel_Items","FnV_Items","Staples_Items"
"1",1,3,7833.33333333333,4.66666666666667,1,1.66666666666667,2.66666666666667
"2",2,3,5166.66666666667,4.66666666666667,0,11,4.66666666666667
"3",3,4,2375,3,0,1.25,4.5
